DAY,VS,ISHOME,OPP_TEAM,S,MIN_RAW,SEC_RAW,MIN,PTS,PPM,FGM,FGA,FG%,3FGM,3FGA,3FG%,FTM,FTA,FT%,OR,DR,TR,AS,TO,ST,BS,BSR,F,FD,DUNK,EFF,SEASON,TYPE
2018.11.24, VS Ȗ,TRUE,Ȗ,,36,25,36.41666667,16,0.439359268,6,11,54.50%,0,0,0.00%,4,4,100.00%,1,7,8,4,2,1,1,1,3,2,0,23,2018-19,RS
2018.11.23, VS Ȗ,TRUE,Ȗ,,29,35,29.58333333,18,0.608450704,7,15,46.70%,1,2,50.00%,3,4,75.00%,0,12,12,1,2,0,0,0,2,3,0,20,2018-19,RS
2018.11.18,kC VS ,FALSE,kC,,32,2,32.03333333,20,0.624349636,9,18,50.00%,2,3,66.70%,0,0,0.00%,1,16,17,4,5,2,0,2,2,1,1,29,2018-19,RS
2018.11.17,kC VS ,FALSE,kC,,26,57,26.95,17,0.630797774,7,15,46.70%,0,1,0.00%,3,5,60.00%,2,14,16,5,1,1,0,1,2,4,0,28,2018-19,RS
2018.11.11, VS A,TRUE,A,,32,33,32.55,27,0.829493088,9,17,52.90%,2,4,50.00%,7,7,100.00%,2,7,9,3,1,2,1,0,1,6,0,33,2018-19,RS
2018.11.10, VS A,TRUE,A,,30,58,30.96666667,24,0.775026911,10,16,62.50%,0,1,0.00%,4,6,66.70%,3,9,12,1,6,1,1,0,4,5,0,25,2018-19,RS
2018.11.07,xR VS ,FALSE,xR,,33,40,33.66666667,27,0.801980198,11,18,61.10%,2,3,66.70%,3,3,100.00%,1,7,8,4,3,1,0,0,1,3,0,30,2018-19,RS
2018.11.04, VS ,FALSE,,,33,14,33.23333333,24,0.722166499,9,14,64.30%,2,3,66.70%,4,6,66.70%,1,4,5,1,4,1,0,0,1,3,0,20,2018-19,RS
2018.11.03, VS ,FALSE,,,36,32,36.53333333,32,0.875912409,14,22,63.60%,0,3,0.00%,4,4,100.00%,2,8,10,9,4,4,0,1,2,3,0,43,2018-19,RS
2018.10.27, VS ,FALSE,,,32,15,32.25,28,0.868217054,10,16,62.50%,2,3,66.70%,6,8,75.00%,1,8,9,2,3,2,1,1,3,5,0,31,2018-19,RS
2018.10.26, VS ,FALSE,,,33,21,33.35,15,0.449775112,6,14,42.90%,0,1,0.00%,3,4,75.00%,3,3,6,3,0,3,0,1,1,3,0,18,2018-19,RS
2018.10.24, VS O,TRUE,O,,22,32,22.53333333,16,0.710059172,5,15,33.30%,0,1,0.00%,6,6,100.00%,0,12,12,0,2,0,0,0,0,3,0,16,2018-19,RS
2018.10.21,A VS ,FALSE,A,,22,57,22.95,12,0.522875817,4,10,40.00%,0,0,0.00%,4,4,100.00%,1,9,10,0,5,2,0,0,0,3,0,13,2018-19,RS
2018.10.20,A VS ,FALSE,A,,22,27,22.45,16,0.712694878,5,13,38.50%,1,2,50.00%,5,5,100.00%,1,7,8,2,1,1,0,1,0,3,0,18,2018-19,RS
2018.10.17, VS O,TRUE,O,,22,27,22.45,1,0.04454343,0,9,0.00%,0,1,0.00%,1,2,50.00%,0,7,7,3,1,1,0,1,2,1,0,1,2018-19,RS
2018.10.13, VS ,TRUE,,,20,49,20.81666667,16,0.768614892,5,15,33.30%,0,2,0.00%,6,8,75.00%,2,6,8,3,2,0,0,1,0,4,0,13,2018-19,RS
2018.10.12, VS ,TRUE,,,16,33,16.55,9,0.543806647,4,11,36.40%,0,1,0.00%,1,2,50.00%,2,10,12,1,2,0,0,2,1,2,0,12,2018-19,RS
2018.05.13,t VS ,FALSE,t,,8,5,8.083333333,6,0.742268041,2,2,100.00%,0,0,0.00%,2,2,100.00%,0,3,3,0,2,0,0,0,0,1,0,7,2017-18,CS
2018.05.13,t VS ,FALSE,t,,33,55,33.91666667,32,0.943488943,12,16,75.00%,0,1,0.00%,8,10,80.00%,0,12,12,6,2,2,1,0,1,8,0,45,2017-18,CS
2018.05.12,t VS ,FALSE,t,,27,32,27.53333333,23,0.83535109,6,13,46.20%,1,3,33.30%,10,10,100.00%,2,10,12,0,4,0,0,1,0,7,0,24,2017-18,CS
2018.05.06,O VS ,FALSE,O,,35,6,35.1,28,0.797720798,10,20,50.00%,2,3,66.70%,6,7,85.70%,4,9,13,2,1,1,0,2,3,3,0,32,2017-18,RS
2018.05.05,O VS ,FALSE,O,,31,22,31.36666667,28,0.892667375,12,19,63.20%,2,3,66.70%,2,3,66.70%,0,7,7,4,3,2,0,0,2,4,0,30,2017-18,RS
2018.05.02,t VS ,FALSE,t,,30,43,30.71666667,28,0.911557244,12,22,54.50%,3,3,100.00%,1,3,33.30%,2,8,10,4,6,0,0,1,3,3,0,24,2017-18,RS
2018.04.28, VS s,TRUE,s,,27,6,27.1,21,0.774907749,8,16,50.00%,1,2,50.00%,4,5,80.00%,3,8,11,3,0,0,1,0,2,5,0,27,2017-18,RS
2018.04.27, VS s,TRUE,s,,29,21,29.35,26,0.885860307,10,15,66.70%,2,2,100.00%,4,5,80.00%,3,10,13,0,3,1,0,0,2,2,0,31,2017-18,RS
2018.04.21, VS Ȗ,TRUE,Ȗ,,29,42,29.7,22,0.740740741,8,12,66.70%,0,0,0.00%,6,6,100.00%,5,6,11,0,5,0,0,2,2,5,0,24,2017-18,RS
2018.04.20, VS Ȗ,TRUE,Ȗ,,29,8,29.13333333,19,0.652173913,9,14,64.30%,1,1,100.00%,0,0,0.00%,2,11,13,4,0,1,2,0,0,1,0,34,2017-18,RS
2018.04.15,O VS ,FALSE,O,,25,45,25.75,30,1.165048544,14,18,77.80%,1,2,50.00%,1,1,100.00%,2,15,17,0,2,2,0,0,1,2,0,43,2017-18,RS
2018.04.14,O VS ,FALSE,O,,19,5,19.08333333,21,1.100436681,10,17,58.80%,0,0,0.00%,1,2,50.00%,3,12,15,2,1,1,1,0,2,1,0,31,2017-18,RS
2018.04.08, VS ,FALSE,,,32,37,32.61666667,27,0.827797649,11,17,64.70%,0,1,0.00%,5,6,83.30%,2,4,6,4,0,0,0,0,3,3,0,30,2017-18,RS
2018.04.07, VS ,FALSE,,,27,33,27.55,35,1.270417423,13,18,72.20%,1,1,100.00%,8,8,100.00%,2,9,11,1,2,2,0,1,0,5,0,42,2017-18,RS
2018.03.31, VS A,TRUE,A,,26,27,26.45,22,0.831758034,7,12,58.30%,1,2,50.00%,7,8,87.50%,0,6,6,2,3,1,0,0,3,6,0,22,2017-18,RS
2018.03.30, VS A,TRUE,A,,29,35,29.58333333,22,0.743661972,6,14,42.90%,1,3,33.30%,9,10,90.00%,1,6,7,3,4,2,0,1,2,8,0,21,2017-18,RS
2018.03.28, VS t,TRUE,t,,27,14,27.23333333,21,0.771113831,6,16,37.50%,3,5,60.00%,6,6,100.00%,4,3,7,5,2,0,1,1,1,3,0,22,2017-18,RS
2018.03.25,Ȗ VS ,FALSE,Ȗ,,27,34,27.56666667,19,0.68923821,8,16,50.00%,0,0,0.00%,3,4,75.00%,5,10,15,4,3,4,1,0,0,5,1,31,2017-18,RS
2018.03.24,Ȗ VS ,FALSE,Ȗ,,31,52,31.86666667,21,0.658995816,7,14,50.00%,1,2,50.00%,6,7,85.70%,2,16,18,3,2,1,1,1,2,7,0,34,2017-18,RS
2018.03.17, VS ,TRUE,,,27,32,27.53333333,23,0.83535109,8,14,57.10%,0,1,0.00%,7,7,100.00%,1,8,9,2,2,1,0,0,0,5,0,27,2017-18,RS
2018.03.16, VS ,TRUE,,,26,38,26.63333333,26,0.976220275,10,19,52.60%,1,3,33.30%,5,5,100.00%,2,10,12,4,4,1,0,0,2,3,0,30,2017-18,RS
2018.03.10, VS {,TRUE,{,,28,40,28.66666667,22,0.76744186,7,13,53.80%,0,1,0.00%,8,8,100.00%,2,10,12,5,1,0,1,1,2,5,0,33,2017-18,RS
2018.03.09, VS {,TRUE,{,,31,27,31.45,35,1.112877583,13,16,81.30%,1,2,50.00%,8,9,88.90%,1,12,13,3,1,1,1,0,2,7,0,48,2017-18,RS
2018.03.04,l VS ,FALSE,l,,30,27,30.45,26,0.853858785,9,19,47.40%,1,1,100.00%,7,8,87.50%,3,7,10,4,7,2,0,2,1,8,0,24,2017-18,RS
2018.03.03,l VS ,FALSE,l,,22,17,22.28333333,26,1.166791324,11,14,78.60%,2,2,100.00%,2,3,66.70%,2,8,10,0,5,1,0,1,2,3,0,28,2017-18,RS
2018.02.17, VS kC,TRUE,kC,,30,9,30.15,26,0.862354892,10,17,58.80%,0,0,0.00%,6,7,85.70%,1,13,14,4,3,3,0,0,1,7,0,36,2017-18,RS
2018.02.16, VS kC,TRUE,kC,,32,38,32.63333333,30,0.919305414,12,21,57.10%,0,2,0.00%,6,6,100.00%,3,9,12,5,4,2,2,3,0,5,0,38,2017-18,RS
2018.02.11,A VS ,FALSE,A,,25,22,25.36666667,10,0.394218134,4,10,40.00%,0,0,0.00%,2,4,50.00%,1,4,5,3,3,0,0,1,4,7,0,7,2017-18,RS
2018.02.10,A VS ,FALSE,A,,25,51,25.85,31,1.199226306,12,17,70.60%,1,2,50.00%,6,7,85.70%,2,8,10,4,1,2,0,0,1,7,0,40,2017-18,RS
2018.02.04, VS ,FALSE,,,33,30,33.5,33,0.985074627,14,20,70.00%,3,5,60.00%,2,2,100.00%,2,11,13,2,0,1,0,2,2,3,0,43,2017-18,RS
2018.02.03, VS ,FALSE,,,33,5,33.08333333,33,0.997481108,12,21,57.10%,1,3,33.30%,8,9,88.90%,0,8,8,2,1,0,0,0,2,6,0,32,2017-18,RS
2018.01.27, VS t,TRUE,t,,24,37,24.61666667,26,1.05619499,11,19,57.90%,2,6,33.30%,2,2,100.00%,0,8,8,2,5,0,1,0,4,3,0,24,2017-18,RS
2018.01.26, VS t,TRUE,t,,28,44,28.73333333,22,0.765661253,9,17,52.90%,0,1,0.00%,4,4,100.00%,3,13,16,4,3,1,1,0,3,5,0,33,2017-18,RS
2018.01.21,kC VS ,FALSE,kC,,29,6,29.1,25,0.859106529,7,17,41.20%,1,3,33.30%,10,11,90.90%,1,9,10,2,3,1,1,1,2,6,0,25,2017-18,RS
2018.01.20,kC VS ,FALSE,kC,,32,14,32.23333333,35,1.085832472,12,22,54.50%,2,4,50.00%,9,10,90.00%,5,11,16,1,2,2,0,2,1,7,1,41,2017-18,RS
2018.01.14,B.BLACK VS B.WHITE,FALSE,B.BLACK B.WHITE,,17,58,17.96666667,6,0.333951763,3,11,27.30%,0,5,0.00%,0,0,0.00%,2,8,10,1,2,1,0,0,1,0,0,8,2017-18,AS
2017.12.31,SRaJ VS ,FALSE,SRaJ,,29,4,29.06666667,21,0.722477064,8,16,50.00%,0,0,0.00%,5,6,83.30%,3,8,11,3,1,3,1,1,1,4,0,29,2017-18,RS
2017.12.30,SRaJ VS ,FALSE,SRaJ,,28,1,28.01666667,17,0.606781678,7,14,50.00%,1,2,50.00%,2,3,66.70%,2,11,13,2,2,3,0,0,1,1,0,25,2017-18,RS
2017.12.23, VS ,TRUE,,,31,42,31.7,19,0.599369085,8,25,32.00%,0,2,0.00%,3,3,100.00%,2,12,14,5,0,0,0,3,2,4,0,21,2017-18,RS
2017.12.22, VS ,TRUE,,,32,22,32.36666667,26,0.803295572,12,17,70.60%,0,2,0.00%,2,2,100.00%,2,8,10,2,5,0,0,0,0,1,0,28,2017-18,RS
2017.12.20, VS A,TRUE,A,,32,35,32.58333333,36,1.104859335,15,25,60.00%,0,2,0.00%,6,7,85.70%,4,5,9,1,4,2,0,1,1,7,0,33,2017-18,RS
2017.12.17,t VS ,FALSE,t,,35,11,35.18333333,31,0.881099005,11,20,55.00%,0,1,0.00%,9,13,69.20%,5,12,17,4,2,3,1,1,1,12,0,41,2017-18,RS
2017.12.16,t VS ,FALSE,t,,27,54,27.9,21,0.752688172,6,11,54.50%,1,3,33.30%,8,9,88.90%,0,10,10,2,2,1,0,1,3,7,0,26,2017-18,RS
2017.12.09, VS O,TRUE,O,,33,35,33.58333333,25,0.744416873,11,20,55.00%,0,2,0.00%,3,4,75.00%,2,12,14,3,4,3,0,1,1,4,0,31,2017-18,RS
2017.12.08, VS O,TRUE,O,,33,9,33.15,25,0.754147813,12,19,63.20%,1,2,50.00%,0,2,0.00%,1,7,8,2,0,1,0,0,1,2,0,27,2017-18,RS
2017.12.02, VS SRaJ,TRUE,SRaJ,,31,39,31.65,16,0.505529226,6,13,46.20%,1,1,100.00%,3,5,60.00%,1,10,11,3,2,2,0,3,2,4,0,21,2017-18,RS
2017.12.01, VS SRaJ,TRUE,SRaJ,,34,12,34.2,20,0.584795322,7,16,43.80%,0,2,0.00%,6,6,100.00%,0,5,5,3,1,0,0,3,1,6,0,18,2017-18,RS
2017.11.19,xR VS ,FALSE,xR,,29,21,29.35,20,0.681431005,8,12,66.70%,0,1,0.00%,4,4,100.00%,1,7,8,3,6,4,2,1,0,4,0,27,2017-18,RS
2017.11.18,xR VS ,FALSE,xR,,31,50,31.83333333,30,0.942408377,11,16,68.80%,4,5,80.00%,4,5,80.00%,0,6,6,3,4,1,0,0,3,5,0,30,2017-18,RS
2017.11.12, VS Ȗ,TRUE,Ȗ,,29,54,29.9,23,0.769230769,10,16,62.50%,1,2,50.00%,2,2,100.00%,3,7,10,1,4,0,2,0,0,4,0,26,2017-18,RS
2017.11.11, VS Ȗ,TRUE,Ȗ,,31,53,31.88333333,24,0.752744381,10,19,52.60%,1,5,20.00%,3,4,75.00%,1,5,6,3,1,1,1,0,0,4,0,24,2017-18,RS
2017.11.04,ÉD VS ,FALSE,ÉD,,36,24,36.4,34,0.934065934,12,26,46.20%,3,7,42.90%,7,7,100.00%,1,6,7,3,0,1,0,1,3,6,0,31,2017-18,RS
2017.11.03,ÉD VS ,FALSE,ÉD,,29,34,29.56666667,26,0.879368658,11,21,52.40%,3,7,42.90%,1,2,50.00%,1,10,11,11,2,1,1,0,1,2,0,37,2017-18,RS
2017.10.28, VS V,TRUE,V,,26,13,26.21666667,21,0.801017165,9,18,50.00%,2,4,50.00%,1,1,100.00%,1,10,11,0,1,0,0,1,1,2,0,22,2017-18,RS
2017.10.27, VS V,TRUE,V,,28,34,28.56666667,24,0.840140023,9,23,39.10%,0,4,0.00%,6,7,85.70%,3,9,12,8,1,3,0,1,2,5,0,31,2017-18,RS
2017.10.25,A VS ,FALSE,A,,30,37,30.61666667,40,1.306477953,14,23,60.90%,2,4,50.00%,10,11,90.90%,2,9,11,3,3,2,0,2,3,8,0,43,2017-18,RS
2017.10.21, VS SRaJ,TRUE,SRaJ,,27,11,27.18333333,14,0.515021459,6,14,42.90%,2,2,100.00%,0,0,0.00%,1,10,11,1,2,1,0,0,3,0,0,17,2017-18,RS
2017.10.20, VS SRaJ,TRUE,SRaJ,,27,21,27.35,20,0.731261426,7,17,41.20%,1,2,50.00%,5,6,83.30%,4,6,10,2,0,0,0,2,1,4,0,21,2017-18,RS
2017.10.16,kC VS ,FALSE,kC,,33,59,33.98333333,30,0.882785679,9,19,47.40%,0,1,0.00%,12,15,80.00%,8,15,23,2,4,1,0,3,1,8,0,39,2017-18,RS
2017.10.15,kC VS ,FALSE,kC,,30,59,30.98333333,28,0.903711673,10,14,71.40%,0,0,0.00%,8,10,80.00%,0,6,6,2,0,2,0,0,2,5,0,32,2017-18,RS
2017.10.08, VS ,FALSE,,,29,51,29.85,26,0.871021776,7,14,50.00%,1,1,100.00%,11,13,84.60%,2,6,8,3,1,1,1,3,0,11,0,29,2017-18,RS
2017.10.07, VS ,FALSE,,,29,39,29.65,22,0.741989882,7,15,46.70%,0,2,0.00%,8,9,88.90%,3,10,13,1,1,0,0,2,1,8,0,26,2017-18,RS
2017.09.30, VS ÉD,TRUE,ÉD,,37,49,37.81666667,27,0.713970912,9,24,37.50%,2,4,50.00%,7,10,70.00%,1,14,15,2,3,1,1,1,1,7,0,25,2017-18,RS
2017.09.29, VS ÉD,TRUE,ÉD,,31,16,31.26666667,32,1.023454158,13,20,65.00%,2,3,66.70%,4,7,57.10%,2,6,8,1,1,1,1,0,0,4,0,32,2017-18,RS
2017.09.03,Ȗ VS ,FALSE,Ȗ,,25,15,25.25,17,0.673267327,6,10,60.00%,2,2,100.00%,3,3,100.00%,1,4,5,4,3,0,0,0,1,2,0,19,2017-18,EC
2017.09.02,A VS ,FALSE,A,,31,41,31.68333333,33,1.041557075,13,22,59.10%,2,3,66.70%,5,7,71.40%,2,7,9,1,1,1,0,0,2,7,0,32,2017-18,EC
2017.05.27, VS Ȗ,TRUE,Ȗ,,32,8,32.13333333,23,0.715767635,5,19,26.30%,0,3,0.00%,13,13,100.00%,1,10,11,0,2,1,2,1,3,8,0,21,2016-17,CS
2017.05.20, VS A,TRUE,A,,10,0,10,12,1.2,4,6,66.70%,0,1,0.00%,4,5,80.00%,0,3,3,0,0,1,0,0,0,3,0,13,2016-17,CS
2017.05.20, VS A,TRUE,A,,29,41,29.68333333,18,0.606400898,5,11,45.50%,0,0,0.00%,8,11,72.70%,1,12,13,1,1,0,0,1,3,7,0,22,2016-17,CS
2017.05.19, VS A,TRUE,A,,33,34,33.56666667,21,0.625620655,8,21,38.10%,1,6,16.70%,4,5,80.00%,0,13,13,2,2,1,3,0,1,6,0,24,2016-17,CS
2017.05.14, VS SRaJ,TRUE,SRaJ,,34,36,34.6,25,0.722543353,8,16,50.00%,1,1,100.00%,8,10,80.00%,0,13,13,2,4,1,0,2,2,8,0,27,2016-17,CS
2017.05.13, VS SRaJ,TRUE,SRaJ,,33,17,33.28333333,18,0.540811217,8,13,61.50%,0,1,0.00%,2,2,100.00%,2,5,7,3,1,1,1,2,0,2,0,24,2016-17,CS
2017.05.06, VS SRaJ,TRUE,SRaJ,,11,23,11.38333333,2,0.175695461,1,6,16.70%,0,1,0.00%,0,0,0.00%,0,6,6,1,0,0,0,0,1,1,0,4,2016-17,RS
2017.05.05, VS SRaJ,TRUE,SRaJ,,37,32,37.53333333,27,0.719360568,10,22,45.50%,2,2,100.00%,5,7,71.40%,4,16,20,3,2,1,1,1,1,6,0,36,2016-17,RS
2017.05.03,xR VS ,FALSE,xR,,28,5,28.08333333,23,0.818991098,10,18,55.60%,1,3,33.30%,2,2,100.00%,2,15,17,2,3,1,0,0,0,2,0,32,2016-17,RS
2017.04.29, VS l,TRUE,l,,27,44,27.73333333,35,1.262019231,14,21,66.70%,1,1,100.00%,6,6,100.00%,5,9,14,1,2,1,1,0,2,6,0,43,2016-17,RS
2017.04.28, VS l,TRUE,l,,24,12,24.2,26,1.074380165,8,13,61.50%,2,3,66.70%,8,9,88.90%,2,10,12,2,2,2,0,1,1,7,0,34,2016-17,RS
2017.04.23,SRaJ VS ,FALSE,SRaJ,,33,23,33.38333333,20,0.599101348,8,20,40.00%,2,6,33.30%,2,2,100.00%,2,12,14,3,2,1,1,2,3,4,0,25,2016-17,RS
2017.04.22,SRaJ VS ,FALSE,SRaJ,,29,20,29.33333333,30,1.022727273,13,22,59.10%,1,3,33.30%,3,3,100.00%,3,11,14,4,1,0,1,1,0,4,0,39,2016-17,RS
2017.04.15, VS xR,TRUE,xR,,35,7,35.11666667,17,0.484100617,4,15,26.70%,0,2,0.00%,9,11,81.80%,1,7,8,1,1,2,1,2,2,5,0,15,2016-17,RS
2017.04.14, VS xR,TRUE,xR,,29,49,29.81666667,27,0.905533818,12,23,52.20%,1,4,25.00%,2,2,100.00%,2,12,14,2,4,0,0,0,3,3,0,28,2016-17,RS
2017.04.08, VS O,TRUE,O,,31,16,31.26666667,29,0.92750533,11,23,47.80%,0,3,0.00%,7,7,100.00%,2,14,16,4,2,0,4,2,1,6,0,39,2016-17,RS
2017.04.07, VS O,TRUE,O,,31,45,31.75,35,1.102362205,14,24,58.30%,2,4,50.00%,5,8,62.50%,2,14,16,2,0,1,0,0,3,6,0,41,2016-17,RS
2017.04.02,l VS ,FALSE,l,,28,53,28.88333333,23,0.796306982,10,23,43.50%,0,3,0.00%,3,4,75.00%,4,11,15,4,2,0,0,0,0,4,0,26,2016-17,RS
2017.04.01,l VS ,FALSE,l,,29,38,29.63333333,32,1.079865017,12,23,52.20%,3,5,60.00%,5,5,100.00%,5,12,17,3,1,1,1,1,1,5,0,42,2016-17,RS
2017.03.26,V VS ,FALSE,V,,32,17,32.28333333,27,0.836344863,9,14,64.30%,2,3,66.70%,7,8,87.50%,3,11,14,2,2,1,0,1,2,7,0,36,2016-17,RS
2017.03.25,V VS ,FALSE,V,,30,15,30.25,31,1.024793388,14,22,63.60%,0,3,0.00%,3,6,50.00%,3,14,17,2,2,2,2,1,1,4,0,41,2016-17,RS
2017.03.18, VS O,TRUE,O,,35,28,35.46666667,27,0.761278195,9,20,45.00%,2,6,33.30%,7,10,70.00%,1,8,9,4,1,1,1,1,4,5,0,27,2016-17,RS
2017.03.17, VS O,TRUE,O,,31,55,31.91666667,17,0.532637076,8,19,42.10%,0,2,0.00%,1,2,50.00%,3,3,6,4,3,0,0,0,2,4,0,12,2016-17,RS
2017.03.11, VS s,TRUE,s,,34,17,34.28333333,31,0.90422946,9,17,52.90%,1,2,50.00%,12,12,100.00%,4,13,17,3,2,1,1,1,2,10,0,43,2016-17,RS
2017.03.10, VS s,TRUE,s,,29,42,29.7,23,0.774410774,8,12,66.70%,2,2,100.00%,5,9,55.60%,2,13,15,2,0,1,0,1,1,8,0,33,2016-17,RS
2017.03.04, VS ,FALSE,,,27,41,27.68333333,18,0.650210716,6,24,25.00%,2,3,66.70%,4,4,100.00%,7,9,16,2,2,0,2,0,1,2,0,18,2016-17,RS
2017.03.03, VS ,FALSE,,,35,13,35.21666667,34,0.965451964,13,23,56.50%,2,3,66.70%,6,6,100.00%,2,7,9,5,4,2,2,5,2,9,0,38,2016-17,RS
2017.02.22,xR VS ,FALSE,xR,,30,38,30.63333333,24,0.783460283,8,13,61.50%,3,5,60.00%,5,10,50.00%,0,7,7,4,5,0,0,0,2,5,0,20,2016-17,RS
2017.02.19, VS ,TRUE,,,36,47,36.78333333,38,1.033076575,13,22,59.10%,1,3,33.30%,11,13,84.60%,6,9,15,1,0,0,1,0,1,9,0,44,2016-17,RS
2017.02.18, VS ,TRUE,,,31,36,31.6,27,0.85443038,9,23,39.10%,1,4,25.00%,8,8,100.00%,3,13,16,2,1,0,0,2,1,5,0,30,2016-17,RS
2017.02.05, VS ,TRUE,,,30,16,30.26666667,22,0.726872247,10,18,55.60%,0,2,0.00%,2,2,100.00%,2,10,12,1,0,0,0,2,1,3,0,27,2016-17,RS
2017.02.04, VS ,TRUE,,,27,44,27.73333333,24,0.865384615,10,19,52.60%,0,1,0.00%,4,4,100.00%,2,14,16,2,1,0,0,1,1,3,0,32,2016-17,RS
2017.01.29,ÉD VS ,FALSE,ÉD,,33,51,33.85,27,0.797636632,8,20,40.00%,0,3,0.00%,11,11,100.00%,5,12,17,1,7,1,0,1,4,9,0,27,2016-17,RS
2017.01.28,ÉD VS ,FALSE,ÉD,,32,23,32.38333333,25,0.772002059,9,17,52.90%,0,0,0.00%,7,7,100.00%,1,12,13,3,1,1,0,0,1,5,0,33,2016-17,RS
2017.01.22,Ȗ VS ,FALSE,Ȗ,,35,21,35.35,35,0.99009901,14,25,56.00%,2,4,50.00%,5,6,83.30%,2,12,14,1,2,0,2,0,4,3,0,38,2016-17,RS
2017.01.21,Ȗ VS ,FALSE,Ȗ,,34,3,34.05,21,0.616740088,8,20,40.00%,1,3,33.30%,4,4,100.00%,2,15,17,3,3,0,0,2,2,3,0,26,2016-17,RS
2017.01.18, VS SRaJ,TRUE,SRaJ,,30,14,30.23333333,25,0.826901874,9,23,39.10%,2,4,50.00%,5,7,71.40%,3,8,11,0,4,1,2,1,3,6,0,19,2016-17,RS
2017.01.15,B.BLACK VS B.WHITE,FALSE,B.BLACK B.WHITE,,15,54,15.9,17,1.06918239,8,16,50.00%,1,4,25.00%,0,0,0.00%,1,8,9,3,1,3,1,1,0,0,1,24,2016-17,AS
2017.01.14, VS {KGC,TRUE,{KGC,,28,35,28.58333333,26,0.909620991,11,21,52.40%,0,4,0.00%,4,4,100.00%,3,12,15,5,3,0,0,2,1,4,0,33,2016-17,XX
2016.12.31,t VS ,FALSE,t,,30,29,30.48333333,27,0.885729907,10,20,50.00%,0,1,0.00%,7,9,77.80%,1,11,12,1,3,1,0,3,3,7,0,26,2016-17,RS
2016.12.30,t VS ,FALSE,t,,29,57,29.95,30,1.001669449,10,17,58.80%,2,2,100.00%,8,10,80.00%,1,7,8,3,2,3,1,0,1,7,0,34,2016-17,RS
2016.12.24, VS A,TRUE,A,,30,28,30.46666667,25,0.820568928,8,15,53.30%,1,4,25.00%,8,9,88.90%,5,7,12,1,4,0,0,0,3,9,0,26,2016-17,RS
2016.12.23, VS A,TRUE,A,,32,25,32.41666667,39,1.203084833,15,24,62.50%,2,5,40.00%,7,7,100.00%,3,9,12,3,3,0,0,1,2,5,0,42,2016-17,RS
2016.12.18, VS ,FALSE,,,23,59,23.98333333,27,1.125781793,12,15,80.00%,3,4,75.00%,0,0,0.00%,2,11,13,1,3,0,0,1,2,0,0,35,2016-17,RS
2016.12.17, VS ,FALSE,,,33,24,33.4,27,0.808383234,11,16,68.80%,1,1,100.00%,4,5,80.00%,2,7,9,2,3,6,0,0,3,2,0,35,2016-17,RS
2016.12.11,Hc VS ,FALSE,Hc,,33,17,33.28333333,32,0.961442163,13,23,56.50%,1,1,100.00%,5,8,62.50%,3,8,11,3,1,2,1,2,1,5,0,35,2016-17,RS
2016.12.10,Hc VS ,FALSE,Hc,,22,13,22.21666667,18,0.810202551,8,13,61.50%,1,1,100.00%,1,1,100.00%,2,10,12,2,4,1,1,0,1,3,0,25,2016-17,RS
2016.12.03, VS kC,TRUE,kC,,31,58,31.96666667,24,0.750782065,9,20,45.00%,0,0,0.00%,6,9,66.70%,5,13,18,2,2,1,3,1,1,5,0,32,2016-17,RS
2016.12.02, VS kC,TRUE,kC,,33,15,33.25,33,0.992481203,12,24,50.00%,2,3,66.70%,7,7,100.00%,2,12,14,6,3,0,1,1,0,4,0,39,2016-17,RS
2016.11.27,xR VS ,FALSE,xR,,27,36,27.6,30,1.086956522,11,17,64.70%,0,2,0.00%,8,10,80.00%,3,11,14,2,1,0,0,1,3,9,0,37,2016-17,RS
2016.11.26,xR VS ,FALSE,xR,,31,37,31.61666667,20,0.632577754,5,16,31.30%,0,2,0.00%,10,14,71.40%,3,10,13,3,2,1,1,1,2,12,0,21,2016-17,RS
2016.11.23, VS SRaJ,TRUE,SRaJ,,24,2,24.03333333,25,1.040221914,11,14,78.60%,1,1,100.00%,2,2,100.00%,1,5,6,3,3,1,1,0,2,2,0,30,2016-17,RS
2016.11.20,V VS ,FALSE,V,,34,1,34.01666667,27,0.793728564,11,16,68.80%,1,2,50.00%,4,8,50.00%,2,12,14,1,5,1,3,1,3,5,0,32,2016-17,RS
2016.11.19,V VS ,FALSE,V,,26,55,26.91666667,36,1.3374613,13,18,72.20%,2,2,100.00%,8,8,100.00%,3,8,11,3,3,0,1,1,2,5,0,43,2016-17,RS
2016.11.06,l VS ,FALSE,l,,22,56,22.93333333,22,0.959302326,9,14,64.30%,1,2,50.00%,3,5,60.00%,1,3,4,1,2,0,0,0,0,5,0,18,2016-17,RS
2016.11.05,l VS ,FALSE,l,,32,39,32.65,25,0.765696784,8,12,66.70%,0,1,0.00%,9,12,75.00%,0,13,13,4,6,0,1,1,4,7,0,30,2016-17,RS
2016.10.29, VS O,TRUE,O,,27,35,27.58333333,35,1.268882175,14,23,60.90%,3,5,60.00%,4,5,80.00%,5,8,13,1,1,2,0,0,2,5,1,40,2016-17,RS
2016.10.28, VS O,TRUE,O,,35,1,35.01666667,34,0.970966207,14,22,63.60%,2,4,50.00%,4,4,100.00%,3,11,14,0,0,0,1,0,1,6,0,41,2016-17,RS
2016.10.22, VS xR,TRUE,xR,,31,10,31.16666667,39,1.251336898,13,18,72.20%,2,2,100.00%,11,14,78.60%,2,13,15,3,1,0,2,0,2,8,0,50,2016-17,RS
2016.10.21, VS xR,TRUE,xR,,32,18,32.3,32,0.990712074,11,20,55.00%,0,4,0.00%,10,13,76.90%,3,8,11,1,1,0,1,0,3,8,0,32,2016-17,RS
2016.10.16,SRaJ VS ,FALSE,SRaJ,,28,15,28.25,23,0.814159292,9,19,47.40%,0,2,0.00%,5,8,62.50%,5,4,9,2,2,2,1,0,0,6,0,22,2016-17,RS
2016.10.15,SRaJ VS ,FALSE,SRaJ,,28,20,28.33333333,31,1.094117647,9,11,81.80%,2,2,100.00%,11,12,91.70%,3,10,13,4,1,1,0,0,0,7,0,45,2016-17,RS
2016.10.08, VS V,TRUE,V,,28,5,28.08333333,26,0.925816024,11,16,68.80%,0,1,0.00%,4,4,100.00%,2,17,19,1,5,1,0,1,2,3,1,37,2016-17,RS
2016.10.07, VS V,TRUE,V,,22,6,22.1,26,1.176470588,12,14,85.70%,2,2,100.00%,0,0,0.00%,1,10,11,3,2,0,1,1,1,2,0,37,2016-17,RS
2016.10.01, VS l,TRUE,l,,31,12,31.2,31,0.993589744,14,22,63.60%,1,2,50.00%,2,4,50.00%,1,8,9,4,3,1,1,1,0,4,0,33,2016-17,RS
2016.09.30, VS l,TRUE,l,,31,17,31.28333333,31,0.990942994,13,26,50.00%,2,3,66.70%,3,3,100.00%,4,4,8,2,0,2,0,0,2,4,0,30,2016-17,RS
2016.09.25,O VS ,FALSE,O,,29,59,29.98333333,19,0.633685381,6,15,40.00%,0,3,0.00%,7,8,87.50%,2,5,7,0,5,2,0,0,3,6,0,13,2016-17,RS
2016.09.24,O VS ,FALSE,O,,34,34,34.56666667,29,0.838958534,13,24,54.20%,0,2,0.00%,3,5,60.00%,3,8,11,7,2,1,1,1,2,5,0,34,2016-17,RS
